id,type,src,dst,app,latency,message,ctime,size,buffer
1,LINK,74,1,7,5.0000000749423,M.USER.APP.7,17,3719162,0
1,LINK,1,17,7,3.0000001640804568,M.USER.APP.7,22.0000000749423,3719162,0
1,LINK,17,99,7,5.000000072217146,M.USER.APP.7,25.000000239022757,3719162,0
4,LINK,25,18,4,3.0000004251491093,M.USER.APP.4,31,3142090,0
4,LINK,18,1,4,5.000000285438329,M.USER.APP.4,34.00000042514911,3142090,0
4,LINK,1,17,4,3.000000138621432,M.USER.APP.4,39.00000071058744,3142090,0
4,LINK,17,99,4,5.000000061011801,M.USER.APP.4,42.000000849208874,3142090,0
5,LINK,85,21,5,3.000000071013067,M.USER.APP.5,65,3868185,0
5,LINK,21,1,5,4.000000121581528,M.USER.APP.5,68.00000007101306,3868185,0
5,LINK,1,0,5,5.000000175013248,M.USER.APP.5,72.00000019259458,3868185,0
1,LINK,99,17,7,5.000000033589879,7_(32-33),74.97241410434336,1729869,1
1,LINK,99,78,7,5.000000045593742,7_(32-34),74.97241410434336,2729422,2
1,LINK,99,17,7,5.000000054243161,7_(32-35),74.97241410434336,2793507,3
1,LINK,99,17,7,5.000000051597127,7_(32-36),74.97241410434336,2657237,4
1,LINK,99,17,7,5.000000033941745,7_(32-37),74.97241410434336,1747990,5
5,LINK,0,12,5,5.000000250183554,M.USER.APP.5,77.00000036760784,3868185,5
1,LINK,17,1,7,3.0000000763176478,7_(32-33),79.97241413793324,1729869,5
1,LINK,78,0,7,5.0000000523466825,7_(32-34),79.9724141499371,2729422,5
5,LINK,12,93,5,4.00000007083415,M.USER.APP.5,82.00000061779139,3868185,5
1,LINK,1,70,7,5.000000175088718,7_(32-33),82.97241421425089,1729869,5
1,LINK,17,9,7,4.000000098558701,7_(32-35),84.9724141921764,2793507,5
1,LINK,0,97,7,4.000000060697074,7_(32-34),84.97241420228377,2729422,5
6,LINK,93,12,7,4.000000068105243,M.USER.APP.7,85,3719162,6
1,LINK,9,2,7,5.00000015969955,7_(32-35),88.9724142907351,2793507,3
6,LINK,12,9,7,5.000000252395687,M.USER.APP.7,89.00000006810524,3719162,3
1,LINK,17,1,7,3.000000117230887,7_(32-36),89.97241424377353,2657237,3
1,LINK,1,98,7,3.000000059712099,7_(32-36),92.97241436100441,2657237,3
1,LINK,2,102,7,1.000022348056,7_(32-35),93.97241445043466,2793507,3
6,LINK,9,17,7,4.000000131217059,M.USER.APP.7,94.00000032050093,3719162,3
1,LINK,17,9,7,4.000000061671448,7_(32-37),94.97241427771527,1747990,3
6,LINK,17,99,7,5.000000072217146,M.USER.APP.7,98.000000451718,3719162,1
1,LINK,9,2,7,5.000000099929306,7_(32-37),98.97241433938672,1747990,1
2,LINK,49,1,2,5.000000051833491,2_(4-5),102.41261498028909,3078422,2
2,LINK,49,1,2,5.000000065123962,2_(4-8),102.41261498028909,3867751,3
1,LINK,2,102,7,1.00001398392,7_(32-37),103.97241443931603,1747990,2
7,LINK,56,1,6,3.0000000545321983,M.USER.APP.6,107,2074671,2
2,LINK,1,0,2,5.000000139280989,2_(4-5),107.41261503212259,3078422,2
7,LINK,1,28,6,5.000000076829841,M.USER.APP.6,110.0000000545322,2074671,2
2,LINK,1,3,2,3.0000000822378547,2_(4-8),112.41261509724654,3867751,2
2,LINK,0,101,2,1.000024627376,2_(4-5),112.41261517140357,3078422,2
4,LINK,99,17,4,5.0000000504087705,4_(17-18),112.43310435849654,2596037,3
7,LINK,28,77,6,3.000000052444783,M.USER.APP.6,115.00000013136203,2074671,2
2,LINK,3,95,2,3.0000000905488453,2_(4-8),115.4126151794844,3867751,2
2,LINK,101,0,2,1.000028425672,2_(5-6),116.85793979877958,3553209,3
2,LINK,101,0,2,1.000021958744,2_(5-7),116.85793979877958,2744843,4
4,LINK,17,1,4,3.000000114530891,4_(17-18),117.43310440890531,2596037,4
2,LINK,0,1,2,5.000000160762386,2_(5-6),117.85796822445158,3553209,4
2,LINK,0,1,2,5.000000124188448,2_(5-7),118.85799018319558,2744843,2
8,LINK,79,48,5,3.0000000733235614,M.USER.APP.5,119,3868185,3
9,LINK,74,1,7,5.0000000749423,M.USER.APP.7,120,3719162,4
4,LINK,1,63,4,4.000000057410386,4_(17-18),120.4331045234362,2596037,4
8,LINK,48,0,5,5.000000076402529,M.USER.APP.5,122.00000007332356,3868185,4
2,LINK,1,82,2,4.00000009838215,2_(5-6),122.85796838521397,3553209,4
9,LINK,1,17,7,3.0000001640804568,M.USER.APP.7,125.0000000749423,3719162,3
8,LINK,0,12,5,5.000000250183554,M.USER.APP.5,127.00000014972609,3868185,2
2,LINK,1,96,2,5.000000164126065,2_(5-7),127.85796850940241,2744843,2
9,LINK,17,99,7,5.000000072217146,M.USER.APP.7,128.00000023902277,3719162,2
8,LINK,12,93,5,4.00000007083415,M.USER.APP.5,132.00000039990965,3868185,2
10,LINK,31,6,1,4.000000092927941,M.USER.APP.1,140,4127711,0
10,LINK,6,0,1,5.000000211822363,M.USER.APP.1,144.00000009292793,4127711,0
6,LINK,99,17,7,5.000000033589879,7_(32-33),147.97241431703858,1729869,1
6,LINK,99,78,7,5.000000045593742,7_(32-34),147.97241431703858,2729422,2
6,LINK,99,17,7,5.000000054243161,7_(32-35),147.97241431703858,2793507,3
6,LINK,99,17,7,5.000000051597127,7_(32-36),147.97241431703858,2657237,4
6,LINK,99,17,7,5.000000033941745,7_(32-37),147.97241431703858,1747990,5
10,LINK,0,9,1,4.000000380827692,M.USER.APP.1,149.0000003047503,4127711,5
6,LINK,17,1,7,3.0000000763176478,7_(32-33),152.97241435062847,1729869,5
6,LINK,78,0,7,5.0000000523466825,7_(32-34),152.97241436263232,2729422,5
10,LINK,9,89,1,3.0000000761021153,M.USER.APP.1,153.000000685578,4127711,5
6,LINK,1,70,7,5.000000175088718,7_(32-33),155.97241442694613,1729869,5
3,LINK,89,9,1,3.0000000686818424,1_(2-3),156.55555555555554,3725242,5
6,LINK,17,9,7,4.000000098558701,7_(32-35),157.97241440487164,2793507,5
6,LINK,0,97,7,4.000000060697074,7_(32-34),157.972414414979,2729422,5
3,LINK,9,23,1,5.00000010808821,1_(2-3),159.5555556242374,3725242,5
6,LINK,9,2,7,5.00000015969955,7_(32-35),161.97241450343034,2793507,3
6,LINK,17,1,7,3.000000117230887,7_(32-36),162.97241445646875,2657237,3
3,LINK,23,59,1,5.000000073814159,1_(2-3),164.55555573232562,3725242,3
6,LINK,1,98,7,3.000000059712099,7_(32-36),165.97241457369964,2657237,3
6,LINK,2,102,7,1.000022348056,7_(32-35),166.97241466312988,2793507,3
6,LINK,17,9,7,4.000000061671448,7_(32-37),167.9724144904105,1747990,3
3,LINK,59,88,1,4.00000006922049,1_(2-3),169.55555580613978,3725242,1
6,LINK,9,2,7,5.000000099929306,7_(32-37),171.97241455208194,1747990,1
6,LINK,2,102,7,1.00001398392,7_(32-37),176.97241465201125,1747990,0
12,LINK,25,18,8,3.000000411397242,M.USER.APP.8,184,3040456,0
12,LINK,18,1,8,5.000000276205545,M.USER.APP.8,187.00000041139725,3040456,0
14,LINK,41,24,5,5.0000002071129845,M.USER.APP.5,192,3868185,1
12,LINK,1,0,8,5.000000137563245,M.USER.APP.8,192.0000006876028,3040456,1
9,LINK,99,17,7,5.000000033589879,7_(32-33),192.94482811014203,1729869,2
9,LINK,99,78,7,5.000000045593742,7_(32-34),192.94482811014203,2729422,3
9,LINK,99,17,7,5.000000054243161,7_(32-35),192.94482811014203,2793507,4
9,LINK,99,17,7,5.000000051597127,7_(32-36),192.94482811014203,2657237,5
9,LINK,99,17,7,5.000000033941745,7_(32-37),192.94482811014203,1747990,6
16,LINK,93,12,7,4.000000068105243,M.USER.APP.7,194,3719162,7
14,LINK,24,4,5,4.000000139902265,M.USER.APP.5,197.00000020711298,3868185,7
12,LINK,0,76,8,3.000000057068674,M.USER.APP.8,197.00000082516604,3040456,7
9,LINK,17,1,7,3.0000000763176478,7_(32-33),197.9448281437319,1729869,7
9,LINK,78,0,7,5.0000000523466825,7_(32-34),197.94482815573576,2729422,7
16,LINK,12,9,7,5.000000252395687,M.USER.APP.7,198.00000006810524,3719162,7
17,LINK,85,21,4,3.000000057683241,M.USER.APP.4,200,3142090,8
9,LINK,1,70,7,5.000000175088718,7_(32-33),200.94482822004957,1729869,7
14,LINK,4,30,5,5.000000176287511,M.USER.APP.5,201.00000034701523,3868185,7
9,LINK,17,9,7,4.000000098558701,7_(32-35),202.94482819797508,2793507,7
9,LINK,0,97,7,4.000000060697074,7_(32-34),202.94482820808244,2729422,7
18,LINK,47,0,2,3.000000129937711,M.USER.APP.2,203,4146905,8
17,LINK,21,1,4,4.000000098759522,M.USER.APP.4,203.00000005768325,3142090,8
16,LINK,9,17,7,4.000000131217059,M.USER.APP.7,203.00000032050093,3719162,8
7,LINK,77,65,6,4.000000047820104,6_(28-29),205.09862403701783,1754383,9
7,LINK,77,28,6,3.0000000807933205,6_(28-31),205.09862403701783,3196115,10
18,LINK,0,1,2,5.000000187623734,M.USER.APP.2,206.00000012993772,4146905,9
14,LINK,30,93,5,5.000000140466433,M.USER.APP.5,206.00000052330273,3868185,9
9,LINK,9,2,7,5.00000015969955,7_(32-35),206.94482829653379,2793507,8
17,LINK,1,17,4,3.000000138621432,M.USER.APP.4,207.00000015644278,3142090,8
16,LINK,17,99,7,5.000000072217146,M.USER.APP.7,207.000000451718,3719162,8
9,LINK,17,1,7,3.000000117230887,7_(32-36),207.9448282495722,2657237,8
7,LINK,28,5,6,4.000000228177802,6_(28-31),208.09862411781114,3196115,8
7,LINK,65,0,6,4.0000000611623205,6_(28-29),209.09862408483792,1754383,8
17,LINK,17,99,4,5.000000061011801,M.USER.APP.4,210.0000002950642,3142090,8
9,LINK,1,98,7,3.000000059712099,7_(32-36),210.94482836680308,2657237,8
18,LINK,1,49,2,5.000000069824269,M.USER.APP.2,211.00000031756144,4146905,8
9,LINK,2,102,7,1.000022348056,7_(32-35),211.94482845623332,2793507,7
7,LINK,5,2,6,5.000000079414639,6_(28-31),212.09862434598895,3196115,6
9,LINK,17,9,7,4.000000061671448,7_(32-37),212.94482828351394,1747990,6
7,LINK,0,12,6,5.000000113468661,6_(28-29),213.09862414600025,1754383,5
9,LINK,9,2,7,5.000000099929306,7_(32-37),216.94482834518539,1747990,3
7,LINK,2,102,6,1.00002556892,6_(28-31),217.09862442540359,3196115,2
1,LINK,70,1,7,5.000000165534829,7_(33-38),217.5155898768048,1635477,3
1,LINK,70,1,7,5.000000248652196,7_(33-39),217.5155898768048,2456673,4
7,LINK,12,93,6,4.000000032126237,6_(28-29),218.09862425946892,1754383,4
5,LINK,93,12,5,4.00000003712898,5_(19-20),221.0617767504016,2027578,4
5,LINK,93,12,5,4.000000050061967,5_(19-21),221.0617767504016,2733836,5
5,LINK,93,12,5,4.000000039085579,5_(19-22),221.0617767504016,2134426,6
5,LINK,93,12,5,4.000000035068625,5_(19-25),221.0617767504016,1915064,7
9,LINK,2,102,7,1.00001398392,7_(32-37),221.9448284451147,1747990,7
1,LINK,1,96,7,5.000000097792261,7_(33-38),222.51559004233962,1635477,6
5,LINK,12,0,5,5.000000131138162,5_(19-20),225.0617767875306,2027578,5
1,LINK,1,0,7,5.0000001111504035,7_(33-39),227.5155902909918,2456673,4
5,LINK,12,0,5,5.000000176816984,5_(19-21),229.06177683759256,2733836,4
5,LINK,0,2,5,3.0000000586597904,5_(19-20),230.06177691866876,2027578,4
1,LINK,0,101,7,1.000019653384,7_(33-39),232.5155904021422,2456673,4
5,LINK,12,0,5,5.000000138048796,5_(19-22),233.06177687667815,2134426,4
5,LINK,2,102,5,1.000016220624,5_(19-20),233.06177697732855,2027578,4
5,LINK,0,1,5,5.000000123690444,5_(19-21),235.06177709548575,2733836,2
5,LINK,102,2,5,1.000029185328,5_(20-24),236.71469319795253,3648166,3
5,LINK,12,0,5,5.000000123861066,5_(19-25),237.0617769117468,1915064,3
5,LINK,2,0,5,3.000000105544967,5_(20-24),237.71472238328053,3648166,3
21,LINK,93,12,7,4.000000068105243,M.USER.APP.7,239,3719162,4
5,LINK,1,96,5,5.0000001634679085,5_(19-21),240.0617772191762,2733836,4
5,LINK,0,97,5,4.0000000474655115,5_(19-22),240.06177723353454,2134426,4
5,LINK,0,6,5,5.00000018721348,5_(20-24),240.7147224888255,3648166,4
22,LINK,74,1,1,5.000000083174693,M.USER.APP.1,242,4127711,5
21,LINK,12,9,7,5.000000252395687,M.USER.APP.7,243.00000006810524,3719162,5
5,LINK,0,87,5,5.0000000698891505,5_(19-25),245.0617773573956,1915064,4
5,LINK,6,94,5,4.000000130072095,5_(20-24),245.71472267603897,3648166,3
22,LINK,1,20,1,3.0000001448103704,M.USER.APP.1,247.00000008317468,4127711,3
21,LINK,9,17,7,4.000000131217059,M.USER.APP.7,248.00000032050093,3719162,3
22,LINK,20,89,1,3.000000086311319,M.USER.APP.1,250.00000022798505,4127711,2
21,LINK,17,99,7,5.000000072217146,M.USER.APP.7,252.000000451718,3719162,1
19,LINK,99,17,7,5.000000033589879,7_(32-33),256.97241379310344,1729869,1
19,LINK,99,78,7,5.000000045593742,7_(32-34),256.97241379310344,2729422,2
19,LINK,99,17,7,5.000000054243161,7_(32-35),256.97241379310344,2793507,3
19,LINK,99,17,7,5.000000051597127,7_(32-36),256.97241379310344,2657237,4
19,LINK,99,17,7,5.000000033941745,7_(32-37),256.97241379310344,1747990,5
13,LINK,49,1,2,5.000000051833491,2_(4-5),259.4126149802891,3078422,5
13,LINK,49,1,2,5.000000065123962,2_(4-8),259.4126149802891,3867751,6
19,LINK,17,1,7,3.0000000763176478,7_(32-33),261.9724138266933,1729869,6
19,LINK,78,0,7,5.0000000523466825,7_(32-34),261.9724138386972,2729422,6
13,LINK,1,0,2,5.000000139280989,2_(4-5),264.4126150321226,3078422,6
19,LINK,1,70,7,5.000000175088718,7_(32-33),264.97241390301093,1729869,6
23,LINK,57,2,8,5.000000124213806,M.USER.APP.8,265,3040456,7
19,LINK,17,9,7,4.000000098558701,7_(32-35),266.9724138809365,2793507,7
19,LINK,0,97,7,4.000000060697074,7_(32-34),266.9724138910439,2729422,7
24,LINK,47,0,2,3.000000129937711,M.USER.APP.2,267,4146905,8
13,LINK,1,3,2,3.0000000822378547,2_(4-8),269.41261509724654,3867751,8
13,LINK,0,101,2,1.000024627376,2_(4-5),269.41261517140356,3078422,8
23,LINK,2,0,8,3.0000000879633295,M.USER.APP.8,270.0000001242138,3040456,7
24,LINK,0,1,2,5.000000187623734,M.USER.APP.2,270.0000001299377,4146905,7
19,LINK,9,2,7,5.00000015969955,7_(32-35),270.9724139794952,2793507,5
19,LINK,17,1,7,3.000000117230887,7_(32-36),271.9724139325336,2657237,5
13,LINK,3,95,2,3.0000000905488453,2_(4-8),272.4126151794844,3867751,5
23,LINK,0,76,8,3.000000057068674,M.USER.APP.8,273.0000002121771,3040456,5
13,LINK,101,0,2,1.000028425672,2_(5-6),273.8579397987795,3553209,6
13,LINK,101,0,2,1.000021958744,2_(5-7),273.8579397987795,2744843,7
13,LINK,0,1,2,5.000000160762386,2_(5-6),274.8579682244515,3553209,7
19,LINK,1,98,7,3.000000059712099,7_(32-36),274.9724140497645,2657237,7
24,LINK,1,49,2,5.000000069824269,M.USER.APP.2,275.00000031756144,4146905,7
13,LINK,0,1,2,5.000000124188448,2_(5-7),275.8579901831955,2744843,6
19,LINK,2,102,7,1.000022348056,7_(32-35),275.9724141391947,2793507,6
19,LINK,17,9,7,4.000000061671448,7_(32-37),276.9724139664753,1747990,5
13,LINK,1,82,2,4.00000009838215,2_(5-6),280.00000047832384,3553209,2
19,LINK,9,2,7,5.000000099929306,7_(32-37),280.9724140281468,1747990,2
10,LINK,89,9,1,3.0000000686818424,1_(2-3),282.1111111111111,3725242,3
17,LINK,99,17,4,5.0000000504087705,4_(17-18),282.4331040332228,2596037,4
25,LINK,25,18,1,3.000000558511263,M.USER.APP.1,285,4127711,4
13,LINK,1,96,2,5.000000164126065,2_(5-7),285.0000006025123,2744843,4
10,LINK,9,23,1,5.00000010808821,1_(2-3),285.11111117979294,3725242,4
19,LINK,2,102,7,1.00001398392,7_(32-37),285.9724141280761,1747990,4
17,LINK,17,1,4,3.000000114530891,4_(17-18),287.4331040836315,2596037,3
25,LINK,18,9,1,5.0000001009152,M.USER.APP.1,288.00000055851126,4127711,3
10,LINK,23,59,1,5.000000073814159,1_(2-3),290.11111128788116,3725242,2
17,LINK,1,63,4,4.000000057410386,4_(17-18),290.4331041981624,2596037,2
27,LINK,57,2,8,5.000000124213806,M.USER.APP.8,292,3040456,3
25,LINK,9,89,1,3.0000000761021153,M.USER.APP.1,293.00000065942646,4127711,3
10,LINK,59,88,1,4.00000006922049,1_(2-3),295.1111113616953,3725242,2
27,LINK,2,0,8,3.0000000879633295,M.USER.APP.8,297.0000001242138,3040456,1
27,LINK,0,76,8,3.000000057068674,M.USER.APP.8,300.0000002121771,3040456,0
16,LINK,99,17,7,5.000000033589879,7_(32-33),301.9448275862069,1729869,1
16,LINK,99,78,7,5.000000045593742,7_(32-34),301.9448275862069,2729422,2
16,LINK,99,17,7,5.000000054243161,7_(32-35),301.9448275862069,2793507,3
16,LINK,99,17,7,5.000000051597127,7_(32-36),301.9448275862069,2657237,4
16,LINK,99,17,7,5.000000033941745,7_(32-37),301.9448275862069,1747990,5
16,LINK,17,1,7,3.0000000763176478,7_(32-33),306.94482761979674,1729869,4
16,LINK,78,0,7,5.0000000523466825,7_(32-34),306.94482763180065,2729422,4
16,LINK,1,70,7,5.000000175088718,7_(32-33),309.9448276961144,1729869,4
29,LINK,85,21,4,3.000000057683241,M.USER.APP.4,310,3142090,5
16,LINK,17,9,7,4.000000098558701,7_(32-35),311.9448276740399,2793507,5
16,LINK,0,97,7,4.000000060697074,7_(32-34),311.94482768414736,2729422,5
29,LINK,21,1,4,4.000000098759522,M.USER.APP.4,313.0000000576832,3142090,5
16,LINK,9,2,7,5.00000015969955,7_(32-35),315.9448277725986,2793507,3
16,LINK,17,1,7,3.000000117230887,7_(32-36),316.944827725637,2657237,3
29,LINK,1,17,4,3.000000138621432,M.USER.APP.4,317.00000015644275,3142090,3
15,LINK,73,28,0,4.0000000574265835,0_(0-1),319.10926365795723,1563512,4
16,LINK,1,98,7,3.000000059712099,7_(32-36),319.94482784286794,2657237,4
29,LINK,17,99,4,5.000000061011801,M.USER.APP.4,320.0000002950642,3142090,4
16,LINK,2,102,7,1.000022348056,7_(32-35),320.94482793229815,2793507,4
16,LINK,17,9,7,4.000000061671448,7_(32-37),321.94482775957874,1747990,4
15,LINK,28,1,0,5.000000057900447,0_(0-1),323.1092637153838,1563512,2
16,LINK,9,2,7,5.000000099929306,7_(32-37),325.9448278212502,1747990,1
15,LINK,1,96,0,5.000000093489162,0_(0-1),328.1092637732842,1563512,1
16,LINK,2,102,7,1.00001398392,7_(32-37),330.9448279211795,1747990,1
18,LINK,49,1,2,5.000000051833491,2_(4-5),333.8252299605782,3078422,0
18,LINK,49,1,2,5.000000065123962,2_(4-8),333.8252299605782,3867751,1
18,LINK,1,0,2,5.000000139280989,2_(4-5),338.8252300124117,3078422,1
31,LINK,76,0,6,3.000000038941107,M.USER.APP.6,339,2074671,2
31,LINK,0,65,6,4.000000072328387,M.USER.APP.6,342.0000000389411,2074671,2
18,LINK,1,3,2,3.0000000822378547,2_(4-8),343.82523007753565,3867751,2
18,LINK,0,101,2,1.000024627376,2_(4-5),343.82523015169267,3078422,2
31,LINK,65,77,6,4.000000056550356,M.USER.APP.6,346.00000011126946,2074671,1
18,LINK,3,95,2,3.0000000905488453,2_(4-8),346.8252301597735,3867751,1
21,LINK,99,17,7,5.000000033589879,7_(32-33),346.9172413793103,1729869,2
21,LINK,99,78,7,5.000000045593742,7_(32-34),346.9172413793103,2729422,3
21,LINK,99,17,7,5.000000054243161,7_(32-35),346.9172413793103,2793507,4
21,LINK,99,17,7,5.000000051597127,7_(32-36),346.9172413793103,2657237,5
21,LINK,99,17,7,5.000000033941745,7_(32-37),346.9172413793103,1747990,6
6,LINK,70,1,7,5.000000165534829,7_(33-38),347.05876536427,1635477,7
6,LINK,70,1,7,5.000000248652196,7_(33-39),347.05876536427,2456673,8
18,LINK,101,0,2,1.000028425672,2_(5-6),348.2705547790686,3553209,9
18,LINK,101,0,2,1.000021958744,2_(5-7),348.2705547790686,2744843,10
18,LINK,0,1,2,5.000000160762386,2_(5-6),349.2705832047406,3553209,10
18,LINK,0,1,2,5.000000124188448,2_(5-7),350.2706051634846,2744843,8
21,LINK,17,1,7,3.0000000763176478,7_(32-33),351.9172414129002,1729869,8
21,LINK,78,0,7,5.0000000523466825,7_(32-34),351.9172414249041,2729422,8
6,LINK,1,96,7,5.000000097792261,7_(33-38),352.0587655298049,1635477,8
5,LINK,87,0,5,5.00000009567983,5_(25-26),354.13760681117105,2621766,9
5,LINK,87,0,5,5.000000143606493,5_(25-27),354.13760681117105,3935026,10
18,LINK,1,82,2,4.00000009838215,2_(5-6),354.270583365503,3553209,10
21,LINK,1,70,7,5.000000175088718,7_(32-33),354.9172414892178,1729869,10
8,LINK,93,12,5,4.00000003712898,5_(19-20),356.12355281217765,2027578,11
8,LINK,93,12,5,4.000000050061967,5_(19-21),356.12355281217765,2733836,12
8,LINK,93,12,5,4.000000039085579,5_(19-22),356.12355281217765,2134426,13
8,LINK,93,12,5,4.000000035068625,5_(19-25),356.12355281217765,1915064,14
21,LINK,17,9,7,4.000000098558701,7_(32-35),356.91724146714336,2793507,14
21,LINK,0,97,7,4.000000060697074,7_(32-34),356.9172414772508,2729422,14
33,LINK,47,0,6,3.0000000650070353,M.USER.APP.6,357,2074671,15
6,LINK,1,0,7,5.0000001111504035,7_(33-39),357.0587657784571,2456673,14
5,LINK,0,3,5,5.000000051028756,5_(25-26),359.13760690685086,2621766,13
18,LINK,1,96,2,5.000000164126065,2_(5-7),359.27058348969143,2744843,13
33,LINK,0,65,6,4.000000072328387,M.USER.APP.6,360.00000006500704,2074671,12
8,LINK,12,0,5,5.000000131138162,5_(19-20),360.12355284930663,2027578,12
21,LINK,9,2,7,5.00000015969955,7_(32-35),360.91724156570206,2793507,11
34,LINK,31,29,7,4.000000175575678,M.USER.APP.7,361,3719162,12
21,LINK,17,1,7,3.000000117230887,7_(32-36),361.91724151874047,2657237,12
6,LINK,0,101,7,1.000019653384,7_(33-39),362.0587658896075,2456673,12
33,LINK,65,77,6,4.000000056550356,M.USER.APP.6,364.0000001373354,2074671,11
8,LINK,12,0,5,5.000000176816984,5_(19-21),364.1235528993686,2733836,11
5,LINK,3,95,5,3.000000061378792,5_(25-26),364.1376069578796,2621766,11
5,LINK,0,1,5,5.000000178037421,5_(25-27),364.13760705045735,3935026,11
21,LINK,1,98,7,3.000000059712099,7_(32-36),364.9172416359714,2657237,10
34,LINK,29,17,7,4.000000069250916,M.USER.APP.7,365.0000001755757,3719162,10
8,LINK,0,2,5,3.0000000586597904,5_(19-20),365.1235529804448,2027578,10
21,LINK,2,102,7,1.000022348056,7_(32-35),365.9172417254016,2793507,10
21,LINK,17,9,7,4.000000061671448,7_(32-37),366.9172415526822,1747990,10
8,LINK,12,0,5,5.000000138048796,5_(19-22),368.12355293845417,2134426,6
8,LINK,2,102,5,1.000016220624,5_(19-20),368.1235530391046,2027578,6
34,LINK,17,99,7,5.000000072217146,M.USER.APP.7,369.0000002448266,3719162,6
5,LINK,1,21,5,4.000000123682418,5_(25-27),369.13760722849474,3935026,5
8,LINK,0,1,5,5.000000123690444,5_(19-21),370.12355315726177,2733836,5
21,LINK,9,2,7,5.000000099929306,7_(32-37),370.91724161435366,1747990,5
8,LINK,102,2,5,1.000029185328,5_(20-24),371.7764692597286,3648166,6
8,LINK,12,0,5,5.000000123861066,5_(19-25),372.1235529735228,1915064,6
8,LINK,2,0,5,3.000000105544967,5_(20-24),372.7764984450566,3648166,6
8,LINK,1,96,5,5.0000001634679085,5_(19-21),375.1235532809522,2733836,4
8,LINK,0,97,5,4.0000000474655115,5_(19-22),375.12355329531056,2134426,4
8,LINK,0,6,5,5.00000018721348,5_(20-24),375.77649855060156,3648166,4
21,LINK,2,102,7,1.00001398392,7_(32-37),375.91724171428297,1747990,4
35,LINK,73,45,4,3.000000119958458,M.USER.APP.4,378,3142090,4
8,LINK,0,87,5,5.0000000698891505,5_(19-25),380.1235534191716,1915064,3
8,LINK,6,94,5,4.000000130072095,5_(20-24),380.776498737815,3648166,2
35,LINK,45,17,4,4.000000088154244,M.USER.APP.4,381.0000001199585,3142090,2
35,LINK,17,99,4,5.000000061011801,M.USER.APP.4,385.00000020811274,3142090,1
29,LINK,99,17,4,5.0000000504087705,4_(17-18),390.43310380435184,2596037,0
26,LINK,99,17,7,5.000000033589879,7_(32-33),391.88965517241377,1729869,1
26,LINK,99,78,7,5.000000045593742,7_(32-34),391.88965517241377,2729422,2
26,LINK,99,17,7,5.000000054243161,7_(32-35),391.88965517241377,2793507,3
26,LINK,99,17,7,5.000000051597127,7_(32-36),391.88965517241377,2657237,4
26,LINK,99,17,7,5.000000033941745,7_(32-37),391.88965517241377,1747990,5
29,LINK,17,1,4,3.000000114530891,4_(17-18),395.4331038547606,2596037,5
26,LINK,78,0,7,5.0000000523466825,7_(32-34),396.88965521800753,2729422,5
29,LINK,1,63,4,4.000000057410386,4_(17-18),398.4331039692915,2596037,5
26,LINK,17,1,7,3.0000000763176478,7_(32-33),400.43310388835044,1729869,5
26,LINK,0,97,7,4.000000060697074,7_(32-34),401.88965527035424,2729422,5
26,LINK,1,70,7,5.000000175088718,7_(32-33),403.4331039646681,1729869,4
26,LINK,17,9,7,4.000000098558701,7_(32-35),405.4331039425936,2793507,4
22,LINK,89,9,1,3.0000000686818424,1_(2-3),407.66666666666663,3725242,4
20,LINK,94,6,3,4.000000133023506,3_(9-10),407.84302325581393,3730945,5
37,LINK,25,18,7,3.0000005032314196,M.USER.APP.7,408,3719162,6
24,LINK,49,1,2,5.000000051833491,2_(4-5),408.2378449408673,3078422,7
24,LINK,49,1,2,5.000000065123962,2_(4-8),408.2378449408673,3867751,8
26,LINK,9,2,7,5.00000015969955,7_(32-35),409.4331040411523,2793507,7
26,LINK,17,1,7,3.000000117230887,7_(32-36),410.43310399419073,2657237,7
22,LINK,9,23,1,5.00000010808821,1_(2-3),410.6666667353485,3725242,7
37,LINK,18,1,7,5.000000337861547,M.USER.APP.7,411.00000050323143,3719162,7
20,LINK,6,1,3,3.0000001040678437,3_(9-10),411.8430233888374,3730945,7
24,LINK,1,0,2,5.000000139280989,2_(4-5),413.2378449927008,3078422,7
26,LINK,1,98,7,3.000000059712099,7_(32-36),413.43310411142164,2657237,7
26,LINK,2,102,7,1.000022348056,7_(32-35),414.43310420085186,2793507,7
20,LINK,1,100,3,1.00002984756,3_(9-10),414.8430234929053,3730945,7
26,LINK,17,9,7,4.000000061671448,7_(32-37),415.43310402813245,1747990,7
22,LINK,23,59,1,5.000000073814159,1_(2-3),415.6666668434367,3725242,6
37,LINK,1,17,7,3.0000001640804568,M.USER.APP.7,416.00000084109297,3719162,5
30,LINK,77,65,6,4.000000047820104,6_(28-29),416.098623853211,1754383,6
30,LINK,77,28,6,3.0000000807933205,6_(28-31),416.098623853211,3196115,7
24,LINK,1,3,2,3.0000000822378547,2_(4-8),418.23784505782476,3867751,6
24,LINK,0,101,2,1.000024627376,2_(4-5),418.23784513198177,3078422,6
20,LINK,100,0,3,1.000019849128,3_(10-11),418.25005334046523,2481141,7
37,LINK,17,99,7,5.000000072217146,M.USER.APP.7,419.00000100517343,3719162,7
30,LINK,28,5,6,4.000000228177802,6_(28-31),419.0986239340043,3196115,7
20,LINK,0,2,3,3.0000000717818063,3_(10-11),419.25007318959325,2481141,6
26,LINK,9,2,7,5.000000099929306,7_(32-37),419.4331040898039,1747990,6
40,LINK,31,6,1,4.000000092927941,M.USER.APP.1,420,4127711,7
30,LINK,65,0,6,4.0000000611623205,6_(28-29),420.0986239010311,1754383,7
22,LINK,59,88,1,4.00000006922049,1_(2-3),420.66666691725084,3725242,7
24,LINK,3,95,2,3.0000000905488453,2_(4-8),421.23784514006263,3867751,7
20,LINK,2,57,3,5.0000001013637325,3_(10-11),422.25007326137506,2481141,7
24,LINK,101,0,2,1.000028425672,2_(5-6),422.6831697593577,3553209,8
24,LINK,101,0,2,1.000021958744,2_(5-7),422.6831697593577,2744843,9
30,LINK,5,2,6,5.000000079414639,6_(28-31),423.0986241621821,3196115,9
24,LINK,0,1,2,5.000000160762386,2_(5-6),423.6831981850297,3553209,9
40,LINK,6,0,1,5.000000211822363,M.USER.APP.1,424.00000009292796,4127711,9
30,LINK,0,12,6,5.000000113468661,6_(28-29),424.0986239621934,1754383,8
26,LINK,2,102,7,1.00001398392,7_(32-37),424.4331041897332,1747990,7
24,LINK,0,1,2,5.000000124188448,2_(5-7),424.6832201437737,2744843,6
30,LINK,2,102,6,1.00002556892,6_(28-31),428.0986242415967,3196115,4
24,LINK,1,82,2,4.00000009838215,2_(5-6),428.6831983457921,3553209,4
40,LINK,0,9,1,4.000000380827692,M.USER.APP.1,429.0000003047503,4127711,4
30,LINK,12,93,6,4.000000032126237,6_(28-29),429.0986240756621,1754383,4
42,LINK,31,29,7,4.000000175575678,M.USER.APP.7,430,3719162,4
43,LINK,31,6,5,4.000000087085183,M.USER.APP.5,432,3868185,5
40,LINK,9,89,1,3.0000000761021153,M.USER.APP.1,433.000000685578,4127711,4
24,LINK,1,96,2,5.000000164126065,2_(5-7),433.68319846998054,2744843,3
42,LINK,29,17,7,4.000000069250916,M.USER.APP.7,434.0000001755757,3719162,3
43,LINK,6,0,5,5.000000198504228,M.USER.APP.5,436.0000000870852,3868185,3
34,LINK,99,17,7,5.000000033589879,7_(32-33),436.8620689655172,1729869,3
34,LINK,99,78,7,5.000000045593742,7_(32-34),436.8620689655172,2729422,4
34,LINK,99,17,7,5.000000054243161,7_(32-35),436.8620689655172,2793507,5
34,LINK,99,17,7,5.000000051597127,7_(32-36),436.8620689655172,2657237,6
34,LINK,99,17,7,5.000000033941745,7_(32-37),436.8620689655172,1747990,7
42,LINK,17,99,7,5.000000072217146,M.USER.APP.7,438.0000002448266,3719162,7
43,LINK,0,12,5,5.000000250183554,M.USER.APP.5,441.0000002855894,3868185,6
34,LINK,17,1,7,3.0000000763176478,7_(32-33),441.86206899910707,1729869,6
34,LINK,78,0,7,5.0000000523466825,7_(32-34),441.862069011111,2729422,6
44,LINK,90,67,7,5.000000072548506,M.USER.APP.7,444,3719162,6
7,LINK,93,12,6,4.000000029315512,6_(29-30),444.07159726456814,1600892,7
34,LINK,1,70,7,5.000000175088718,7_(32-33),444.8620690754247,1729869,7
43,LINK,12,93,5,4.00000007083415,M.USER.APP.5,446.000000535773,3868185,7
34,LINK,17,9,7,4.000000098558701,7_(32-35),446.86206905335024,2793507,7
34,LINK,0,97,7,4.000000060697074,7_(32-34),446.8620690634577,2729422,7
7,LINK,12,0,6,5.000000103541286,6_(29-30),448.07159729388366,1600892,7
44,LINK,67,1,7,5.000000063502729,M.USER.APP.7,449.0000000725485,3719162,7
34,LINK,9,2,7,5.00000015969955,7_(32-35),450.86206915190894,2793507,4
34,LINK,17,1,7,3.000000117230887,7_(32-36),451.86206910494735,2657237,4
7,LINK,0,1,6,5.000000072431208,6_(29-30),453.07159739742497,1600892,4
44,LINK,1,17,7,3.0000001640804568,M.USER.APP.7,454.00000013605126,3719162,4
34,LINK,1,98,7,3.000000059712099,7_(32-36),454.86206922217826,2657237,4
34,LINK,2,102,7,1.000022348056,7_(32-35),455.8620693116085,2793507,4
35,LINK,99,17,4,5.0000000504087705,4_(17-18),455.8662072526277,2596037,5
34,LINK,17,9,7,4.000000061671448,7_(32-37),456.86206913888907,1747990,5
44,LINK,17,99,7,5.000000072217146,M.USER.APP.7,457.0000003001317,3719162,4
7,LINK,1,96,6,5.000000095724275,6_(29-30),458.07159746985616,1600892,3
34,LINK,9,2,7,5.000000099929306,7_(32-37),460.86206920056054,1747990,3
35,LINK,17,1,4,3.000000114530891,4_(17-18),461.8620691892978,2596037,3
35,LINK,1,63,4,4.000000057410386,4_(17-18),464.8620693038287,2596037,1
34,LINK,2,102,7,1.00001398392,7_(32-37),465.86206930048985,1747990,1
9,LINK,70,1,7,5.000000165534829,7_(33-38),476.6019408517352,1635477,0
9,LINK,70,1,7,5.000000248652196,7_(33-39),476.6019408517352,2456673,1
9,LINK,1,96,7,5.000000097792261,7_(33-38),481.60194101727006,1635477,1
37,LINK,99,17,7,5.000000033589879,7_(32-33),481.83448275862065,1729869,2
37,LINK,99,78,7,5.000000045593742,7_(32-34),481.83448275862065,2729422,3
37,LINK,99,17,7,5.000000054243161,7_(32-35),481.83448275862065,2793507,4
37,LINK,99,17,7,5.000000051597127,7_(32-36),481.83448275862065,2657237,5
37,LINK,99,17,7,5.000000033941745,7_(32-37),481.83448275862065,1747990,6
28,LINK,49,1,2,5.000000051833491,2_(4-5),482.6504599211564,3078422,7
28,LINK,49,1,2,5.000000065123962,2_(4-8),482.6504599211564,3867751,8
9,LINK,1,0,7,5.0000001111504035,7_(33-39),486.6019412659223,2456673,7
37,LINK,17,1,7,3.0000000763176478,7_(32-33),486.8344827922105,1729869,7
37,LINK,78,0,7,5.0000000523466825,7_(32-34),486.8344828042144,2729422,7
28,LINK,1,0,2,5.000000139280989,2_(4-5),487.6504599729899,3078422,7
8,LINK,87,0,5,5.00000009567983,5_(25-26),489.199382872947,2621766,8
8,LINK,87,0,5,5.000000143606493,5_(25-27),489.199382872947,3935026,9
37,LINK,1,70,7,5.000000175088718,7_(32-33),489.83448286852814,1729869,9
14,LINK,93,12,5,4.00000003712898,5_(19-20),491.1853288739537,2027578,10
14,LINK,93,12,5,4.000000050061967,5_(19-21),491.1853288739537,2733836,11
14,LINK,93,12,5,4.000000039085579,5_(19-22),491.1853288739537,2134426,12
14,LINK,93,12,5,4.000000035068625,5_(19-25),491.1853288739537,1915064,13
9,LINK,0,101,7,1.000019653384,7_(33-39),491.6019413770727,2456673,13
37,LINK,17,9,7,4.000000098558701,7_(32-35),491.8344828464537,2793507,13
37,LINK,0,97,7,4.000000060697074,7_(32-34),491.8344828565611,2729422,13
28,LINK,1,3,2,3.0000000822378547,2_(4-8),492.65046003811386,3867751,12
8,LINK,0,3,5,5.000000051028756,5_(25-26),494.1993829686268,2621766,12
14,LINK,12,0,5,5.000000131138162,5_(19-20),495.1853289110827,2027578,11
28,LINK,3,95,2,3.0000000905488453,2_(4-8),495.65046012035174,3867751,11
37,LINK,9,2,7,5.00000015969955,7_(32-35),495.8344829450124,2793507,10
28,LINK,0,101,2,1.000024627376,2_(4-5),496.6019415163537,3078422,10
37,LINK,17,1,7,3.000000117230887,7_(32-36),496.8344828980508,2657237,10
14,LINK,12,0,5,5.000000176816984,5_(19-21),499.18532896114465,2733836,8
8,LINK,3,95,5,3.000000061378792,5_(25-26),499.19938301965556,2621766,8
8,LINK,0,1,5,5.000000178037421,5_(25-27),499.1993831122333,3935026,8
37,LINK,1,98,7,3.000000059712099,7_(32-36),499.8344830152817,2657237,8
14,LINK,0,2,5,3.0000000586597904,5_(19-20),500.18532904222087,2027578,8
37,LINK,2,102,7,1.000022348056,7_(32-35),500.8344831047119,2793507,8
46,LINK,31,6,5,4.000000087085183,M.USER.APP.5,501,3868185,9
28,LINK,101,0,2,1.000028425672,2_(5-6),501.04726614372964,3553209,10
28,LINK,101,0,2,1.000021958744,2_(5-7),501.04726614372964,2744843,11
37,LINK,17,9,7,4.000000061671448,7_(32-37),501.8344829319925,1747990,11
28,LINK,0,1,2,5.000000160762386,2_(5-6),502.04729456940163,3553209,10
28,LINK,0,1,2,5.000000124188448,2_(5-7),503.04731652814564,2744843,8
14,LINK,12,0,5,5.000000138048796,5_(19-22),503.18532900023024,2134426,8
14,LINK,2,102,5,1.000016220624,5_(19-20),503.18532910088067,2027578,8
31,LINK,77,65,6,4.000000047820104,6_(28-29),503.197247706422,1754383,9
31,LINK,77,28,6,3.0000000807933205,6_(28-31),503.197247706422,3196115,10
8,LINK,1,21,5,4.000000123682418,5_(25-27),504.1993832902707,3935026,9
46,LINK,6,0,5,5.000000198504228,M.USER.APP.5,505.0000000870852,3868185,9
14,LINK,0,1,5,5.000000123690444,5_(19-21),505.18532921903784,2733836,9
37,LINK,9,2,7,5.000000099929306,7_(32-37),505.834482993664,1747990,9
31,LINK,28,5,6,4.000000228177802,6_(28-31),506.1972477872153,3196115,9
14,LINK,102,2,5,1.000029185328,5_(20-24),506.83824532150464,3648166,10
14,LINK,12,0,5,5.000000123861066,5_(19-25),507.1853290352989,1915064,10
31,LINK,65,0,6,4.0000000611623205,6_(28-29),507.1972477542421,1754383,10
14,LINK,2,0,5,3.000000105544967,5_(20-24),507.83827450683265,3648166,10
28,LINK,1,82,2,4.00000009838215,2_(5-6),509.1993834510331,3553209,9
46,LINK,0,12,5,5.000000250183554,M.USER.APP.5,510.0000002855894,3868185,9
14,LINK,0,97,5,4.0000000474655115,5_(19-22),510.18532935708663,2134426,9
31,LINK,5,2,6,5.000000079414639,6_(28-31),510.1972480153931,3196115,9
37,LINK,2,102,7,1.00001398392,7_(32-37),510.8344830935933,1747990,9
14,LINK,0,6,5,5.00000018721348,5_(20-24),510.83827461237763,3648166,9
31,LINK,0,12,6,5.000000113468661,6_(28-29),511.1972478154044,1754383,9
28,LINK,1,96,2,5.000000164126065,2_(5-7),514.1993835752215,2744843,6
46,LINK,12,93,5,4.00000007083415,M.USER.APP.5,515.000000535773,3868185,6
14,LINK,0,87,5,5.0000000698891505,5_(19-25),515.1853294809476,1915064,6
31,LINK,2,102,6,1.00002556892,6_(28-31),515.1972480948077,3196115,6
14,LINK,6,94,5,4.000000130072095,5_(20-24),515.8382747995911,3648166,6
14,LINK,1,96,5,5.0000001634679085,5_(19-21),519.199383698912,2733836,4
31,LINK,12,93,6,4.000000032126237,6_(28-29),520.0000006492417,1754383,2
42,LINK,99,17,7,5.000000033589879,7_(32-33),526.8068965517241,1729869,0
42,LINK,99,78,7,5.000000045593742,7_(32-34),526.8068965517241,2729422,1
42,LINK,99,17,7,5.000000054243161,7_(32-35),526.8068965517241,2793507,2
42,LINK,99,17,7,5.000000051597127,7_(32-36),526.8068965517241,2657237,3
42,LINK,99,17,7,5.000000033941745,7_(32-37),526.8068965517241,1747990,4
42,LINK,17,1,7,3.0000000763176478,7_(32-33),531.806896585314,1729869,4
42,LINK,78,0,7,5.0000000523466825,7_(32-34),531.8068965973179,2729422,4
25,LINK,89,9,1,3.0000000686818424,1_(2-3),533.2222222222222,3725242,5
42,LINK,1,70,7,5.000000175088718,7_(32-33),534.8068966616316,1729869,5
25,LINK,9,23,1,5.00000010808821,1_(2-3),536.222222290904,3725242,5
42,LINK,17,9,7,4.000000098558701,7_(32-35),536.8068966395572,2793507,5
42,LINK,0,97,7,4.000000060697074,7_(32-34),536.8068966496645,2729422,5
12,LINK,76,0,8,3.0000000523629784,8_(41-42),540.0360369182707,2789750,5
12,LINK,76,0,8,3.0000000703752048,8_(41-43),540.0360369182707,3749390,6
12,LINK,76,0,8,3.0000000471343764,8_(41-45),540.0360369182707,2511185,7
12,LINK,76,0,8,3.000000033752691,8_(41-48),540.0360369182707,1798247,8
42,LINK,9,2,7,5.00000015969955,7_(32-35),540.8068967381159,2793507,7
25,LINK,23,59,1,5.000000073814159,1_(2-3),541.2222223989922,3725242,7
42,LINK,17,1,7,3.000000117230887,7_(32-36),541.8068966911543,2657237,7
12,LINK,0,1,8,5.0000001262202325,8_(41-42),543.0360369706337,2789750,7
42,LINK,1,98,7,3.000000059712099,7_(32-36),544.8068968083852,2657237,7
42,LINK,2,102,7,1.000022348056,7_(32-35),545.8068968978155,2793507,7
12,LINK,0,30,8,4.0000005051385665,8_(41-43),546.036037041009,3749390,7
25,LINK,59,88,1,4.00000006922049,1_(2-3),546.2222224728064,3725242,7
42,LINK,17,9,7,4.000000061671448,7_(32-37),546.8068967250961,1747990,7
11,LINK,76,0,9,3.0000000665533975,9_(51-52),547.2972972972973,3545775,7
11,LINK,76,0,9,3.0000000684235615,9_(51-53),547.2972972972973,3645412,8
48,LINK,85,21,4,3.000000057683241,M.USER.APP.4,548,3142090,8
12,LINK,1,96,8,5.000000166811249,8_(41-42),548.036037096854,2789750,8
12,LINK,0,1,8,5.00000011361676,8_(41-45),549.0360370881433,2511185,8
12,LINK,30,84,8,5.0000002206137095,8_(41-43),550.0360375461476,3749390,8
42,LINK,9,2,7,5.000000099929306,7_(32-37),550.8068967867675,1747990,7
48,LINK,21,1,4,4.000000098759522,M.USER.APP.4,551.0000000576832,3142090,7
12,LINK,0,1,8,5.000000081360392,8_(41-48),552.036037121896,1798247,7
49,LINK,31,6,5,4.000000087085183,M.USER.APP.5,554,3868185,7
12,LINK,1,21,8,4.000000078929449,8_(41-45),554.0360372017601,2511185,7
48,LINK,1,17,4,3.000000138621432,M.USER.APP.4,555.0000001564428,3142090,7
11,LINK,0,9,9,4.0000003271375615,9_(51-52),555.0360371884494,3545775,7
42,LINK,2,102,7,1.00001398392,7_(32-37),555.8068968866968,1747990,6
32,LINK,49,1,2,5.000000051833491,2_(4-5),557.0630749014455,3078422,6
32,LINK,49,1,2,5.000000065123962,2_(4-8),557.0630749014455,3867751,7
49,LINK,6,0,5,5.000000198504228,M.USER.APP.5,558.0000000870851,3868185,7
48,LINK,17,99,4,5.000000061011801,M.USER.APP.4,558.0000002950642,3142090,7
11,LINK,0,101,9,1.000029163296,9_(51-53),558.036037256873,3645412,7
12,LINK,21,85,8,3.0000000461009355,8_(41-45),558.0360372806896,2511185,7
12,LINK,1,21,8,4.000000056520983,8_(41-48),559.0360372831205,1798247,7
11,LINK,9,89,9,3.0000000653730305,9_(51-52),559.0360375155869,3545775,7
32,LINK,1,0,2,5.000000139280989,2_(4-5),562.0630749532789,3078422,4
49,LINK,0,12,5,5.000000250183554,M.USER.APP.5,563.0000002855894,3868185,4
12,LINK,21,85,8,3.000000033012649,8_(41-48),563.0360373396416,1798247,3
20,LINK,57,2,3,5.0000000886643265,3_(11-12),563.6343708833999,2170290,4
20,LINK,57,2,3,5.000000132459386,3_(11-13),563.6343708833999,3242288,5
20,LINK,57,2,3,5.000000102813548,3_(11-15),563.6343708833999,2516629,6
32,LINK,1,3,2,3.0000000822378547,2_(4-8),567.0630750184029,3867751,5
32,LINK,0,101,2,1.000024627376,2_(4-5),567.06307509256,3078422,5
49,LINK,12,93,5,4.00000007083415,M.USER.APP.5,568.000000535773,3868185,5
20,LINK,2,0,3,3.0000000627885863,3_(11-12),568.6343709720643,2170290,4
32,LINK,3,95,2,3.0000000905488453,2_(4-8),570.0630751006407,3867751,4
32,LINK,101,0,2,1.000028425672,2_(5-6),571.5083997199359,3553209,5
32,LINK,101,0,2,1.000021958744,2_(5-7),571.5083997199359,2744843,6
20,LINK,0,100,3,1.00001736232,3_(11-12),571.6343710348528,2170290,6
44,LINK,99,17,7,5.000000033589879,7_(32-33),571.7793103448275,1729869,7
44,LINK,99,78,7,5.000000045593742,7_(32-34),571.7793103448275,2729422,8
44,LINK,99,17,7,5.000000054243161,7_(32-35),571.7793103448275,2793507,9
44,LINK,99,17,7,5.000000051597127,7_(32-36),571.7793103448275,2657237,10
44,LINK,99,17,7,5.000000033941745,7_(32-37),571.7793103448275,1747990,11
32,LINK,0,1,2,5.000000160762386,2_(5-6),572.5084281456079,3553209,10
32,LINK,0,1,2,5.000000124188448,2_(5-7),573.5084501043519,2744843,8
20,LINK,2,10,3,4.000000058515748,3_(11-13),573.6343711045237,3242288,8
44,LINK,17,1,7,3.0000000763176478,7_(32-33),576.7793103784174,1729869,8
44,LINK,78,0,7,5.0000000523466825,7_(32-34),576.7793103904213,2729422,8
32,LINK,1,82,2,4.00000009838215,2_(5-6),577.5084283063703,3553209,8
20,LINK,10,66,3,4.000000069418817,3_(11-13),577.6343711630394,3242288,8
20,LINK,100,1,3,1.000030450392,3_(12-14),578.3163883971729,3806299,9
20,LINK,100,0,3,1.00002880828,3_(12-16),578.3163883971729,3601035,10
20,LINK,2,0,3,3.000000072808508,3_(11-15),578.6343712073373,2516629,10
20,LINK,0,30,3,4.00000048515136,3_(12-16),579.3164172054529,3601035,10
20,LINK,1,17,3,3.000000167924731,3_(12-14),579.3164188475649,3806299,10
44,LINK,1,70,7,5.000000175088718,7_(32-33),579.7793104547351,1729869,10
20,LINK,0,97,3,4.000000055964969,3_(11-15),581.6343712801457,2516629,8
44,LINK,17,9,7,4.000000098558701,7_(32-35),581.7793104326606,2793507,8
44,LINK,0,97,7,4.000000060697074,7_(32-34),581.779310442768,2729422,8
20,LINK,17,99,3,5.000000073909136,3_(12-14),582.3164190154897,3806299,8
32,LINK,1,96,2,5.000000164126065,2_(5-7),582.5084284305588,2744843,8
20,LINK,30,84,3,5.000000211884517,3_(12-16),583.3164176906042,3601035,8
38,LINK,94,6,3,4.000000133023506,3_(9-10),583.8430232558139,3730945,9
44,LINK,9,2,7,5.00000015969955,7_(32-35),585.7793105312194,2793507,7
44,LINK,17,1,7,3.000000117230887,7_(32-36),586.7793104842577,2657237,7
38,LINK,6,1,3,3.0000001040678437,3_(9-10),587.8430233888374,3730945,5
20,LINK,84,88,3,5.000000131194021,3_(12-16),588.3164179024888,3601035,5
44,LINK,1,98,7,3.000000059712099,7_(32-36),589.7793106014886,2657237,4
33,LINK,77,65,6,4.000000047820104,6_(28-29),590.295871559633,1754383,5
33,LINK,77,28,6,3.0000000807933205,6_(28-31),590.295871559633,3196115,6
44,LINK,2,102,7,1.000022348056,7_(32-35),590.7793106909189,2793507,6
38,LINK,1,100,3,1.00002984756,3_(9-10),590.8430234929052,3730945,6
44,LINK,17,9,7,4.000000061671448,7_(32-37),591.7793105181995,1747990,6
33,LINK,28,5,6,4.000000228177802,6_(28-31),593.2958716404264,3196115,3
38,LINK,100,0,3,1.000019849128,3_(10-11),594.2500533404652,2481141,3
33,LINK,65,0,6,4.0000000611623205,6_(28-29),594.2958716074531,1754383,3
38,LINK,0,2,3,3.0000000717818063,3_(10-11),595.2500731895932,2481141,3
44,LINK,9,2,7,5.000000099929306,7_(32-37),595.779310579871,1747990,3
33,LINK,5,2,6,5.000000079414639,6_(28-31),597.2958718686042,3196115,3
38,LINK,2,57,3,5.0000001013637325,3_(10-11),598.250073261375,2481141,3
33,LINK,0,12,6,5.000000113468661,6_(28-29),598.2958716686154,1754383,3
44,LINK,2,102,7,1.00001398392,7_(32-37),600.7793106798002,1747990,3
33,LINK,2,102,6,1.00002556892,6_(28-31),602.2958719480189,3196115,2
33,LINK,12,93,6,4.000000032126237,6_(28-29),603.2958717820841,1754383,1
19,LINK,70,1,7,5.000000165534829,7_(33-38),606.1451163392004,1635477,1
19,LINK,70,1,7,5.000000248652196,7_(33-39),606.1451163392004,2456673,2
19,LINK,1,96,7,5.000000097792261,7_(33-38),611.1451165047353,1635477,1
19,LINK,1,0,7,5.0000001111504035,7_(33-39),616.1451167533875,2456673,0
45,LINK,99,17,7,5.000000033589879,7_(32-33),616.751724137931,1729869,1
45,LINK,99,78,7,5.000000045593742,7_(32-34),616.751724137931,2729422,2
45,LINK,99,17,7,5.000000054243161,7_(32-35),616.751724137931,2793507,3
45,LINK,99,17,7,5.000000051597127,7_(32-36),616.751724137931,2657237,4
45,LINK,99,17,7,5.000000033941745,7_(32-37),616.751724137931,1747990,5
19,LINK,0,101,7,1.000019653384,7_(33-39),621.1451168645378,2456673,5
45,LINK,17,1,7,3.0000000763176478,7_(32-33),621.7517241715209,1729869,5
45,LINK,78,0,7,5.0000000523466825,7_(32-34),621.7517241835247,2729422,5
14,LINK,87,0,5,5.00000009567983,5_(25-26),624.261158934723,2621766,5
14,LINK,87,0,5,5.000000143606493,5_(25-27),624.261158934723,3935026,6
45,LINK,1,70,7,5.000000175088718,7_(32-33),624.7517242478385,1729869,6
12,LINK,84,30,8,5.00000019674972,8_(43-44),625.9333654742156,3343815,7
12,LINK,84,30,8,5.0000001002247565,8_(43-46),625.9333654742156,1703347,8
12,LINK,84,30,8,5.000000195311202,8_(43-47),625.9333654742156,3319367,9
12,LINK,84,30,8,5.0000001531109355,8_(43-49),625.9333654742156,2602162,10
39,LINK,93,12,5,4.00000003712898,5_(19-20),626.2471049357298,2027578,11
39,LINK,93,12,5,4.000000050061967,5_(19-21),626.2471049357298,2733836,12
39,LINK,93,12,5,4.000000039085579,5_(19-22),626.2471049357298,2134426,13
39,LINK,93,12,5,4.000000035068625,5_(19-25),626.2471049357298,1915064,14
45,LINK,17,9,7,4.000000098558701,7_(32-35),626.7517242257641,2793507,14
45,LINK,0,97,7,4.000000060697074,7_(32-34),626.7517242358714,2729422,14
48,LINK,99,17,4,5.0000000504087705,4_(17-18),628.4331038043517,2596037,15
50,LINK,25,18,8,3.000000411397242,M.USER.APP.8,629,3040456,16
14,LINK,0,3,5,5.000000051028756,5_(25-26),629.2611590304028,2621766,16
39,LINK,12,0,5,5.000000131138162,5_(19-20),630.2471049728588,2027578,15
45,LINK,9,2,7,5.00000015969955,7_(32-35),630.7517243243228,2793507,14
12,LINK,30,0,8,4.000000450497258,8_(43-44),630.9333656709654,3343815,14
41,LINK,49,1,2,5.000000051833491,2_(4-5),631.4756898817345,3078422,15
41,LINK,49,1,2,5.000000065123962,2_(4-8),631.4756898817345,3867751,16
45,LINK,17,1,7,3.000000117230887,7_(32-36),631.7517242773612,2657237,16
50,LINK,18,1,8,5.000000276205545,M.USER.APP.8,632.0000004113972,3040456,16
39,LINK,12,0,5,5.000000176816984,5_(19-21),634.2471050229208,2733836,16
14,LINK,3,95,5,3.000000061378792,5_(25-26),634.2611590814316,2621766,16
14,LINK,0,1,5,5.000000178037421,5_(25-27),634.2611591740093,3935026,16
45,LINK,1,98,7,3.000000059712099,7_(32-36),634.7517243945921,2657237,16
12,LINK,0,1,8,5.000000151288505,8_(43-44),634.9333661214627,3343815,16
39,LINK,0,2,5,3.0000000586597904,5_(19-20),635.2471051039969,2027578,16
45,LINK,2,102,7,1.000022348056,7_(32-35),635.7517244840224,2793507,16
12,LINK,30,0,8,4.000000229484333,8_(43-46),635.9333657711901,1703347,16
41,LINK,1,0,2,5.000000139280989,2_(4-5),636.475689933568,3078422,16
45,LINK,17,9,7,4.000000061671448,7_(32-37),636.751724311303,1747990,16
50,LINK,1,0,8,5.000000137563245,M.USER.APP.8,637.0000006876028,3040456,15
39,LINK,12,0,5,5.000000138048796,5_(19-22),638.2471050620063,2134426,13
39,LINK,2,102,5,1.000016220624,5_(19-20),638.2471051626567,2027578,13
14,LINK,1,21,5,4.000000123682418,5_(25-27),639.2611593520468,3935026,12
12,LINK,0,2,8,3.0000000492794743,8_(43-46),639.9333660006745,1703347,12
39,LINK,0,1,5,5.000000123690444,5_(19-21),640.2471052808139,2733836,12
45,LINK,9,2,7,5.000000099929306,7_(32-37),640.7517243729744,1747990,12
12,LINK,30,0,8,4.0000004472034885,8_(43-47),640.9333659665012,3319367,12
41,LINK,1,3,2,3.0000000822378547,2_(4-8),641.4756899986919,3867751,12
41,LINK,0,101,2,1.000024627376,2_(4-5),641.475690072849,3078422,12
48,LINK,17,1,4,3.000000114530891,4_(17-18),641.7517243617117,2596037,12
39,LINK,102,2,5,1.000029185328,5_(20-24),641.9000213832808,3648166,13
39,LINK,12,0,5,5.000000123861066,5_(19-25),642.247105097075,1915064,13
39,LINK,2,0,5,3.000000105544967,5_(20-24),642.9000505686088,3648166,12
12,LINK,2,102,8,1.000013626776,8_(43-46),642.933366049954,1703347,12
12,LINK,1,96,8,5.000000199941198,8_(43-44),644.2611595033353,3343815,10
41,LINK,3,95,2,3.0000000905488453,2_(4-8),644.4756900809298,3867751,10
48,LINK,1,63,4,4.000000057410386,4_(17-18),644.7517244762425,2596037,10
12,LINK,0,92,8,4.000000062241907,8_(43-47),644.9333664137047,3319367,10
39,LINK,0,97,5,4.0000000474655115,5_(19-22),645.2471054188627,2134426,10
45,LINK,2,102,7,1.00001398392,7_(32-37),645.7517244729037,1747990,10
39,LINK,0,6,5,5.00000018721348,5_(20-24),645.9000506741537,3648166,10
41,LINK,101,0,2,1.000028425672,2_(5-6),645.921014700225,3553209,11
41,LINK,101,0,2,1.000021958744,2_(5-7),645.921014700225,2744843,12
12,LINK,30,0,8,4.000000350577663,8_(43-49),645.9333661196122,2602162,12
50,LINK,0,76,8,3.000000057068674,M.USER.APP.8,646.4756902104123,3040456,12
41,LINK,0,1,2,5.000000160762386,2_(5-6),646.921043125897,3553209,11
41,LINK,0,1,2,5.000000124188448,2_(5-7),647.921065084641,2744843,10
39,LINK,1,96,5,5.0000001634679085,5_(19-21),649.2611596270258,2733836,7
12,LINK,0,2,8,3.0000000752830607,8_(43-49),649.9333664701899,2602162,5
39,LINK,0,87,5,5.0000000698891505,5_(19-25),650.2471055427237,1915064,5
39,LINK,6,94,5,4.000000130072095,5_(20-24),650.9000508613672,3648166,5
12,LINK,2,102,8,1.000020817296,8_(43-49),652.933366545473,2602162,5
41,LINK,1,82,2,4.00000009838215,2_(5-6),654.2611597877882,3553209,4
53,LINK,31,6,5,4.000000087085183,M.USER.APP.5,657,3868185,2
40,LINK,89,9,1,3.0000000686818424,1_(2-3),658.7777777777777,3725242,2
41,LINK,1,96,2,5.000000164126065,2_(5-7),659.2611599119766,2744843,2
53,LINK,6,0,5,5.000000198504228,M.USER.APP.5,661.0000000870851,3868185,2
40,LINK,9,23,1,5.00000010808821,1_(2-3),661.7777778464596,3725242,2
53,LINK,0,12,5,5.000000250183554,M.USER.APP.5,666.0000002855894,3868185,1
30,LINK,93,12,6,4.000000029315512,6_(29-30),666.0445702375412,1600892,2
40,LINK,23,59,1,5.000000073814159,1_(2-3),666.7777779545478,3725242,2
30,LINK,12,0,6,5.000000103541286,6_(29-30),670.0445702668567,1600892,2
53,LINK,12,93,5,4.00000007083415,M.USER.APP.5,671.000000535773,3868185,2
40,LINK,59,88,1,4.00000006922049,1_(2-3),671.7777780283619,3725242,2
30,LINK,0,1,6,5.000000072431208,6_(29-30),675.044570370398,1600892,1
54,LINK,31,6,1,4.000000092927941,M.USER.APP.1,676,4127711,1
36,LINK,77,65,6,4.000000047820104,6_(28-29),677.3944954128441,1754383,2
36,LINK,77,28,6,3.0000000807933205,6_(28-31),677.3944954128441,3196115,3
54,LINK,6,0,1,5.000000211822363,M.USER.APP.1,680.000000092928,4127711,3
30,LINK,1,96,6,5.000000095724275,6_(29-30),680.0445704428292,1600892,3
36,LINK,28,5,6,4.000000228177802,6_(28-31),680.3944954936375,3196115,3
36,LINK,65,0,6,4.0000000611623205,6_(28-29),681.3944954606642,1754383,3
36,LINK,5,2,6,5.000000079414639,6_(28-31),684.3944957218152,3196115,3
54,LINK,0,9,1,4.000000380827692,M.USER.APP.1,685.0000003047503,4127711,3
36,LINK,0,12,6,5.000000113468661,6_(28-29),685.3944955218265,1754383,2
54,LINK,9,89,1,3.0000000761021153,M.USER.APP.1,689.000000685578,4127711,2
36,LINK,2,102,6,1.00002556892,6_(28-31),689.3944958012299,3196115,2
36,LINK,12,93,6,4.000000032126237,6_(28-29),690.3944956352951,1754383,2
55,LINK,79,48,5,3.0000000733235614,M.USER.APP.5,697,3868185,0
55,LINK,48,0,5,5.000000076402529,M.USER.APP.5,700.0000000733236,3868185,0
55,LINK,0,12,5,5.000000250183554,M.USER.APP.5,705.0000001497261,3868185,0
51,LINK,49,1,2,5.000000051833491,2_(4-5),705.8883048620236,3078422,1
51,LINK,49,1,2,5.000000065123962,2_(4-8),705.8883048620236,3867751,2
55,LINK,12,93,5,4.00000007083415,M.USER.APP.5,710.0000003999097,3868185,2
51,LINK,1,0,2,5.000000139280989,2_(4-5),710.888304913857,3078422,2
56,LINK,25,18,2,3.0000005611083598,M.USER.APP.2,715,4146905,2
51,LINK,1,3,2,3.0000000822378547,2_(4-8),715.888304978981,3867751,2
51,LINK,0,101,2,1.000024627376,2_(4-5),715.8883050531381,3078422,2
56,LINK,18,1,2,5.000000376719201,M.USER.APP.2,718.0000005611083,4146905,1
51,LINK,3,95,2,3.0000000905488453,2_(4-8),718.8883050612188,3867751,1
51,LINK,101,0,2,1.000028425672,2_(5-6),720.333629680514,3553209,2
51,LINK,101,0,2,1.000021958744,2_(5-7),720.333629680514,2744843,3
51,LINK,0,1,2,5.000000160762386,2_(5-6),721.333658106186,3553209,3
51,LINK,0,1,2,5.000000124188448,2_(5-7),722.33368006493,2744843,2
56,LINK,1,49,2,5.000000069824269,M.USER.APP.2,723.0000009378275,4146905,2
51,LINK,1,82,2,4.00000009838215,2_(5-6),726.3336582669484,3553209,2
51,LINK,1,96,2,5.000000164126065,2_(5-7),731.3336583911369,2744843,0
16,LINK,70,1,7,5.000000165534829,7_(33-38),735.6882918266656,1635477,1
16,LINK,70,1,7,5.000000248652196,7_(33-39),735.6882918266656,2456673,2
38,LINK,57,2,3,5.0000000886643265,3_(11-12),739.6343708833999,2170290,2
38,LINK,57,2,3,5.000000132459386,3_(11-13),739.6343708833999,3242288,3
38,LINK,57,2,3,5.000000102813548,3_(11-15),739.6343708833999,2516629,4
16,LINK,1,96,7,5.000000097792261,7_(33-38),740.6882919922004,1635477,4
12,LINK,92,0,8,4.000000081288993,8_(47-50),742.8787589674142,4335150,5
38,LINK,2,0,3,3.0000000627885863,3_(11-12),744.6343709720643,2170290,5
16,LINK,1,0,7,5.0000001111504035,7_(33-39),745.6882922408527,2456673,4
12,LINK,0,3,8,5.0000000843772145,8_(47-50),746.8787590487033,4335150,4
38,LINK,0,100,3,1.00001736232,3_(11-12),747.6343710348528,2170290,4
38,LINK,2,10,3,4.000000058515748,3_(11-13),749.6343711045237,3242288,3
16,LINK,0,101,7,1.000019653384,7_(33-39),750.688292352003,2456673,3
12,LINK,3,95,8,3.000000101491235,8_(47-50),751.8787591330805,4335150,2
38,LINK,10,66,3,4.000000069418817,3_(11-13),753.6343711630394,3242288,2
38,LINK,100,1,3,1.000030450392,3_(12-14),754.3163883971729,3806299,3
38,LINK,100,0,3,1.00002880828,3_(12-16),754.3163883971729,3601035,4
38,LINK,2,0,3,3.000000072808508,3_(11-15),754.6343712073373,2516629,4
38,LINK,0,30,3,4.00000048515136,3_(12-16),755.3164172054529,3601035,3
38,LINK,1,17,3,3.000000167924731,3_(12-14),755.3164188475649,3806299,3
47,LINK,94,6,3,4.000000133023506,3_(9-10),756.6860465116279,3730945,4
38,LINK,0,97,3,4.000000055964969,3_(11-15),757.6343712801457,2516629,3
38,LINK,17,99,3,5.000000073909136,3_(12-14),758.3164190154897,3806299,3
38,LINK,30,84,3,5.000000211884517,3_(12-16),759.3164176906042,3601035,3
39,LINK,87,0,5,5.00000009567983,5_(25-26),759.322934996499,2621766,4
39,LINK,87,0,5,5.000000143606493,5_(25-27),759.322934996499,3935026,5
47,LINK,6,1,3,3.0000001040678437,3_(9-10),760.6860466446514,3730945,5
43,LINK,93,12,5,4.00000003712898,5_(19-20),761.3088809975059,2027578,6
43,LINK,93,12,5,4.000000050061967,5_(19-21),761.3088809975059,2733836,7
43,LINK,93,12,5,4.000000039085579,5_(19-22),761.3088809975059,2134426,8
43,LINK,93,12,5,4.000000035068625,5_(19-25),761.3088809975059,1915064,9
47,LINK,1,100,3,1.00002984756,3_(9-10),763.6860467487191,3730945,7
38,LINK,84,88,3,5.000000131194021,3_(12-16),764.3164179024888,3601035,7
39,LINK,0,3,5,5.000000051028756,5_(25-26),764.3229350921789,2621766,7
43,LINK,12,0,5,5.000000131138162,5_(19-20),765.3088810346349,2027578,6
47,LINK,100,0,3,1.000019849128,3_(10-11),767.0930765962792,2481141,7
47,LINK,0,2,3,3.0000000717818063,3_(10-11),768.0930964454071,2481141,7
43,LINK,12,0,5,5.000000176816984,5_(19-21),769.3088810846968,2733836,7
39,LINK,3,95,5,3.000000061378792,5_(25-26),769.3229351432077,2621766,6
39,LINK,0,1,5,5.000000178037421,5_(25-27),769.3229352357854,3935026,6
43,LINK,0,2,5,3.0000000586597904,5_(19-20),770.308881165773,2027578,6
47,LINK,2,57,3,5.0000001013637325,3_(10-11),771.0930965171889,2481141,6
43,LINK,12,0,5,5.000000138048796,5_(19-22),773.3088811237824,2134426,5
43,LINK,2,102,5,1.000016220624,5_(19-20),774.0930965758487,2027578,5
39,LINK,1,21,5,4.000000123682418,5_(25-27),774.3229354138228,3935026,5
43,LINK,0,1,5,5.000000123690444,5_(19-21),775.30888134259,2733836,4
43,LINK,12,0,5,5.000000123861066,5_(19-25),777.308881158851,1915064,3
43,LINK,102,2,5,1.000029185328,5_(20-24),777.7460127964728,3648166,4
43,LINK,2,0,5,3.000000105544967,5_(20-24),778.7460419818008,3648166,3
43,LINK,1,96,5,5.0000001634679085,5_(19-21),780.3088814662805,2733836,3
43,LINK,0,97,5,4.0000000474655115,5_(19-22),780.3088814806388,2134426,3
58,LINK,25,18,2,3.0000005611083598,M.USER.APP.2,781,4146905,4
43,LINK,0,6,5,5.00000018721348,5_(20-24),781.7460420873457,3648166,4
58,LINK,18,1,2,5.000000376719201,M.USER.APP.2,784.0000005611083,4146905,4
43,LINK,0,87,5,5.0000000698891505,5_(19-25),785.3088816044998,1915064,3
43,LINK,6,94,5,4.000000130072095,5_(20-24),786.7460422745592,3648166,2
59,LINK,76,0,6,3.000000038941107,M.USER.APP.6,787,2074671,3
60,LINK,57,2,8,5.000000124213806,M.USER.APP.8,788,3040456,4
58,LINK,1,49,2,5.000000069824269,M.USER.APP.2,789.0000009378275,4146905,4
59,LINK,0,65,6,4.000000072328387,M.USER.APP.6,790.0000000389412,2074671,4
60,LINK,2,0,8,3.0000000879633295,M.USER.APP.8,793.0000001242138,3040456,2
59,LINK,65,77,6,4.000000056550356,M.USER.APP.6,794.0000001112695,2074671,2
60,LINK,0,76,8,3.000000057068674,M.USER.APP.8,796.0000002121772,3040456,1
56,LINK,49,1,2,5.000000051833491,2_(4-5),802.4126159879409,3078422,0
56,LINK,49,1,2,5.000000065123962,2_(4-8),802.4126159879409,3867751,1
56,LINK,1,0,2,5.000000139280989,2_(4-5),807.4126160397743,3078422,1
56,LINK,1,3,2,3.0000000822378547,2_(4-8),812.4126161048982,3867751,1
56,LINK,0,101,2,1.000024627376,2_(4-5),812.4126161790554,3078422,1
61,LINK,85,21,5,3.000000071013067,M.USER.APP.5,814,3868185,1
56,LINK,3,95,2,3.0000000905488453,2_(4-8),815.4126161871361,3867751,1
56,LINK,101,0,2,1.000028425672,2_(5-6),816.8579408064313,3553209,2
56,LINK,101,0,2,1.000021958744,2_(5-7),816.8579408064313,2744843,3
61,LINK,21,1,5,4.000000121581528,M.USER.APP.5,817.0000000710131,3868185,3
54,LINK,89,9,1,3.0000000686818424,1_(2-3),817.5555563172356,3725242,4
56,LINK,0,1,2,5.000000160762386,2_(5-6),817.8579692321033,3553209,4
56,LINK,0,1,2,5.000000124188448,2_(5-7),818.8579911908473,2744843,3
54,LINK,9,23,1,5.00000010808821,1_(2-3),820.5555563859175,3725242,3
61,LINK,1,0,5,5.000000175013248,M.USER.APP.5,821.0000001925946,3868185,3
56,LINK,1,82,2,4.00000009838215,2_(5-6),822.8579693928657,3553209,3
54,LINK,23,59,1,5.000000073814159,1_(2-3),825.5555564940057,3725242,3
61,LINK,0,12,5,5.000000250183554,M.USER.APP.5,826.0000003676079,3868185,3
56,LINK,1,96,2,5.000000164126065,2_(5-7),827.8579695170541,2744843,2
54,LINK,59,88,1,4.00000006922049,1_(2-3),830.5555565678198,3725242,2
61,LINK,12,93,5,4.00000007083415,M.USER.APP.5,831.0000006177914,3868185,2
63,LINK,31,6,5,4.000000087085183,M.USER.APP.5,855,3868185,0
63,LINK,6,0,5,5.000000198504228,M.USER.APP.5,859.0000000870851,3868185,0
63,LINK,0,12,5,5.000000250183554,M.USER.APP.5,864.0000002855894,3868185,0
21,LINK,70,1,7,5.000000165534829,7_(33-38),865.2314673141308,1635477,1
21,LINK,70,1,7,5.000000248652196,7_(33-39),865.2314673141308,2456673,2
62,LINK,99,17,7,5.000000033589879,7_(32-33),866.9724137931034,1729869,3
62,LINK,99,78,7,5.000000045593742,7_(32-34),866.9724137931034,2729422,4
62,LINK,99,17,7,5.000000054243161,7_(32-35),866.9724137931034,2793507,5
62,LINK,99,17,7,5.000000051597127,7_(32-36),866.9724137931034,2657237,6
62,LINK,99,17,7,5.000000033941745,7_(32-37),866.9724137931034,1747990,7
63,LINK,12,93,5,4.00000007083415,M.USER.APP.5,869.000000535773,3868185,7
21,LINK,1,96,7,5.000000097792261,7_(33-38),870.2314674796656,1635477,7
62,LINK,17,1,7,3.0000000763176478,7_(32-33),871.9724138266934,1729869,7
62,LINK,78,0,7,5.0000000523466825,7_(32-34),871.9724138386972,2729422,7
62,LINK,1,70,7,5.000000175088718,7_(32-33),874.972413903011,1729869,6
21,LINK,1,0,7,5.0000001111504035,7_(33-39),875.2314677283179,2456673,5
64,LINK,93,12,7,4.000000068105243,M.USER.APP.7,876,3719162,6
58,LINK,49,1,2,5.000000051833491,2_(4-5),876.8252309682299,3078422,7
58,LINK,49,1,2,5.000000065123962,2_(4-8),876.8252309682299,3867751,8
62,LINK,17,9,7,4.000000098558701,7_(32-35),876.9724138809365,2793507,8
62,LINK,0,97,7,4.000000060697074,7_(32-34),876.9724138910439,2729422,8
65,LINK,85,21,5,3.000000071013067,M.USER.APP.5,880,3868185,8
64,LINK,12,9,7,5.000000252395687,M.USER.APP.7,880.0000000681052,3719162,8
23,LINK,76,0,8,3.0000000523629784,8_(41-42),880.0720729543068,2789750,9
23,LINK,76,0,8,3.0000000703752048,8_(41-43),880.0720729543068,3749390,10
23,LINK,76,0,8,3.0000000471343764,8_(41-45),880.0720729543068,2511185,11
23,LINK,76,0,8,3.000000033752691,8_(41-48),880.0720729543068,1798247,12
21,LINK,0,101,7,1.000019653384,7_(33-39),880.2314678394682,2456673,12
62,LINK,9,2,7,5.00000015969955,7_(32-35),880.9724139794953,2793507,11
58,LINK,1,0,2,5.000000139280989,2_(4-5),881.8252310200634,3078422,10
62,LINK,17,1,7,3.000000117230887,7_(32-36),881.9724139325336,2657237,10
65,LINK,21,1,5,4.000000121581528,M.USER.APP.5,883.0000000710131,3868185,10
23,LINK,0,1,8,5.0000001262202325,8_(41-42),883.0720730066698,2789750,10
62,LINK,1,98,7,3.000000059712099,7_(32-36),884.9724140497646,2657237,10
67,LINK,31,6,5,4.000000087085183,M.USER.APP.5,885,3868185,11
64,LINK,9,17,7,4.000000131217059,M.USER.APP.7,885.0000003205009,3719162,11
59,LINK,77,65,6,4.000000047820104,6_(28-29),885.0986240210309,1754383,12
59,LINK,77,28,6,3.0000000807933205,6_(28-31),885.0986240210309,3196115,13
62,LINK,2,102,7,1.000022348056,7_(32-35),885.9724141391948,2793507,13
23,LINK,0,30,8,4.0000005051385665,8_(41-43),886.072073077045,3749390,13
58,LINK,1,3,2,3.0000000822378547,2_(4-8),886.8252310851873,3867751,13
58,LINK,0,101,2,1.000024627376,2_(4-5),886.8252311593444,3078422,13
62,LINK,17,9,7,4.000000061671448,7_(32-37),886.9724139664754,1747990,13
65,LINK,1,0,5,5.000000175013248,M.USER.APP.5,887.0000001925946,3868185,12
31,LINK,93,12,6,4.000000029315512,6_(29-30),888.0175432105141,1600892,11
23,LINK,1,96,8,5.000000166811249,8_(41-42),888.0720731328901,2789750,11
59,LINK,28,5,6,4.000000228177802,6_(28-31),888.0986241018243,3196115,11
68,LINK,25,18,4,3.0000004251491093,M.USER.APP.4,889,3142090,12
67,LINK,6,0,5,5.000000198504228,M.USER.APP.5,889.0000000870851,3868185,12
64,LINK,17,99,7,5.000000072217146,M.USER.APP.7,889.0000004517179,3719162,12
23,LINK,0,1,8,5.00000011361676,8_(41-45),889.0720731241794,2511185,12
59,LINK,65,0,6,4.0000000611623205,6_(28-29),889.098624068851,1754383,12
58,LINK,3,95,2,3.0000000905488453,2_(4-8),889.8252311674252,3867751,12
23,LINK,30,84,8,5.0000002206137095,8_(41-43),890.0720735821836,3749390,12
62,LINK,9,2,7,5.000000099929306,7_(32-37),890.9724140281469,1747990,12
58,LINK,101,0,2,1.000028425672,2_(5-6),891.2705557867204,3553209,13
58,LINK,101,0,2,1.000021958744,2_(5-7),891.2705557867204,2744843,14
65,LINK,0,12,5,5.000000250183554,M.USER.APP.5,892.0000003676079,3868185,14
68,LINK,18,1,4,5.000000285438329,M.USER.APP.4,892.0000004251491,3142090,14
31,LINK,12,0,6,5.000000103541286,6_(29-30),892.0175432398296,1600892,14
23,LINK,0,1,8,5.000000081360392,8_(41-48),892.0720731579321,1798247,14
59,LINK,5,2,6,5.000000079414639,6_(28-31),892.098624330002,3196115,14
58,LINK,0,1,2,5.000000160762386,2_(5-6),892.2705842123924,3553209,14
59,LINK,0,12,6,5.000000113468661,6_(28-29),893.0986241300133,1754383,12
58,LINK,0,1,2,5.000000124188448,2_(5-7),893.2706061711364,2744843,12
67,LINK,0,12,5,5.000000250183554,M.USER.APP.5,894.0000002855894,3868185,12
23,LINK,1,21,8,4.000000078929449,8_(41-45),894.0720732377962,2511185,11
43,LINK,87,0,5,5.00000009567983,5_(25-26),894.3847110582751,2621766,12
43,LINK,87,0,5,5.000000143606493,5_(25-27),894.3847110582751,3935026,13
62,LINK,2,102,7,1.00001398392,7_(32-37),895.9724141280761,1747990,12
46,LINK,93,12,5,4.00000003712898,5_(19-20),896.3706570592819,2027578,13
46,LINK,93,12,5,4.000000050061967,5_(19-21),896.3706570592819,2733836,14
46,LINK,93,12,5,4.000000039085579,5_(19-22),896.3706570592819,2134426,15
46,LINK,93,12,5,4.000000035068625,5_(19-25),896.3706570592819,1915064,16
65,LINK,12,93,5,4.00000007083415,M.USER.APP.5,897.0000006177914,3868185,15
68,LINK,1,17,4,3.000000138621432,M.USER.APP.4,897.0000007105874,3142090,15
31,LINK,0,1,6,5.000000072431208,6_(29-30),897.0175433433709,1600892,15
59,LINK,2,102,6,1.00002556892,6_(28-31),897.0986244094167,3196115,15
23,LINK,21,85,8,3.0000000461009355,8_(41-45),898.0720733167257,2511185,15
69,LINK,74,1,7,5.0000000749423,M.USER.APP.7,899,3719162,15
23,LINK,1,21,8,4.000000056520983,8_(41-48),899.0720733191566,1798247,15
43,LINK,0,3,5,5.000000051028756,5_(25-26),899.384711153955,2621766,15
68,LINK,17,99,4,5.000000061011801,M.USER.APP.4,900.0000008492088,3142090,15
46,LINK,12,0,5,5.000000131138162,5_(19-20),900.3706570964109,2027578,15
59,LINK,12,93,6,4.000000032126237,6_(28-29),902.0000007312601,1754383,13
23,LINK,21,85,8,3.000000033012649,8_(41-48),903.0720733756776,1798247,13
69,LINK,1,17,7,3.0000001640804568,M.USER.APP.7,904.0000000749422,3719162,13
58,LINK,1,82,2,4.00000009838215,2_(5-6),904.072073479919,3553209,13
46,LINK,12,0,5,5.000000176816984,5_(19-21),904.3706571464729,2733836,13
43,LINK,3,95,5,3.000000061378792,5_(25-26),904.3847112049838,2621766,13
43,LINK,0,1,5,5.000000178037421,5_(25-27),904.3847112975615,3935026,13
46,LINK,0,2,5,3.0000000586597904,5_(19-20),905.370657227549,2027578,12
69,LINK,17,99,7,5.000000072217146,M.USER.APP.7,907.0000002390227,3719162,10
67,LINK,12,93,5,4.00000007083415,M.USER.APP.5,907.0000009814437,3868185,10
46,LINK,12,0,5,5.000000138048796,5_(19-22),908.3706571855585,2134426,8
46,LINK,2,102,5,1.000016220624,5_(19-20),908.3706572862088,2027578,8
58,LINK,1,96,2,5.000000164126065,2_(5-7),909.0720736041075,2744843,8
46,LINK,0,1,5,5.000000123690444,5_(19-21),910.370657404366,2733836,7
46,LINK,102,2,5,1.000029185328,5_(20-24),912.0235735068329,3648166,6
46,LINK,12,0,5,5.000000123861066,5_(19-25),912.3706572206271,1915064,6
47,LINK,57,2,3,5.0000000886643265,3_(11-12),912.4773941392139,2170290,7
47,LINK,57,2,3,5.000000132459386,3_(11-13),912.4773941392139,3242288,8
47,LINK,57,2,3,5.000000102813548,3_(11-15),912.4773941392139,2516629,9
46,LINK,2,0,5,3.000000105544967,5_(20-24),913.0236026921609,3648166,9
31,LINK,1,96,6,5.000000095724275,6_(29-30),914.0720736765387,1600892,9
46,LINK,0,97,5,4.0000000474655115,5_(19-22),915.3706575424148,2134426,8
46,LINK,0,6,5,5.00000018721348,5_(20-24),916.0236027977058,3648166,8
47,LINK,2,0,3,3.0000000627885863,3_(11-12),917.4773942278782,2170290,8
43,LINK,1,21,5,4.000000123682418,5_(25-27),919.0720738545762,3935026,8
46,LINK,0,87,5,5.0000000698891505,5_(19-25),920.3706576662759,1915064,6
47,LINK,0,100,3,1.00001736232,3_(11-12),920.4773942906668,2170290,6
46,LINK,6,94,5,4.000000130072095,5_(20-24),921.0236029849193,3648166,6
47,LINK,2,10,3,4.000000058515748,3_(11-13),922.4773943603376,3242288,5
46,LINK,1,96,5,5.0000001634679085,5_(19-21),924.0720739782666,2733836,4
47,LINK,10,66,3,4.000000069418817,3_(11-13),926.4773944188534,3242288,2
47,LINK,100,1,3,1.000030450392,3_(12-14),927.1594116529868,3806299,3
47,LINK,100,0,3,1.00002880828,3_(12-16),927.1594116529868,3601035,4
47,LINK,2,0,3,3.000000072808508,3_(11-15),927.4773944631512,2516629,4
47,LINK,0,30,3,4.00000048515136,3_(12-16),928.1594404612669,3601035,4
47,LINK,1,17,3,3.000000167924731,3_(12-14),928.1594421033789,3806299,4
47,LINK,0,97,3,4.000000055964969,3_(11-15),930.4773945359597,2516629,2
47,LINK,17,99,3,5.000000073909136,3_(12-14),931.1594422713036,3806299,2
47,LINK,30,84,3,5.000000211884517,3_(12-16),932.1594409464182,3601035,2
47,LINK,84,88,3,5.000000131194021,3_(12-16),937.1594411583027,3601035,0
64,LINK,99,17,7,5.000000033589879,7_(32-33),938.9724143170386,1729869,1
64,LINK,99,78,7,5.000000045593742,7_(32-34),938.9724143170386,2729422,2
64,LINK,99,17,7,5.000000054243161,7_(32-35),938.9724143170386,2793507,3
64,LINK,99,17,7,5.000000051597127,7_(32-36),938.9724143170386,2657237,4
64,LINK,99,17,7,5.000000033941745,7_(32-37),938.9724143170386,1747990,5
64,LINK,17,1,7,3.0000000763176478,7_(32-33),943.9724143506285,1729869,4
64,LINK,78,0,7,5.0000000523466825,7_(32-34),943.9724143626323,2729422,4
72,LINK,41,24,5,5.0000002071129845,M.USER.APP.5,945,3868185,5
73,LINK,73,45,4,3.000000119958458,M.USER.APP.4,945,3142090,6
74,LINK,25,18,8,3.000000411397242,M.USER.APP.8,945,3040456,7
64,LINK,1,70,7,5.000000175088718,7_(32-33),946.9724144269461,1729869,7
73,LINK,45,17,4,4.000000088154244,M.USER.APP.4,948.0000001199585,3142090,7
74,LINK,18,1,8,5.000000276205545,M.USER.APP.8,948.0000004113972,3040456,7
64,LINK,17,9,7,4.000000098558701,7_(32-35),948.9724144048716,2793507,7
64,LINK,0,97,7,4.000000060697074,7_(32-34),948.972414414979,2729422,7
72,LINK,24,4,5,4.000000139902265,M.USER.APP.5,950.000000207113,3868185,7
73,LINK,17,99,4,5.000000061011801,M.USER.APP.4,952.0000002081127,3142090,6
64,LINK,9,2,7,5.00000015969955,7_(32-35),952.9724145034304,2793507,5
74,LINK,1,0,8,5.000000137563245,M.USER.APP.8,953.0000006876028,3040456,5
64,LINK,17,1,7,3.000000117230887,7_(32-36),953.9724144564688,2657237,5
72,LINK,4,30,5,5.000000176287511,M.USER.APP.5,954.0000003470152,3868185,5
76,LINK,7,0,9,4.0000000680905625,M.USER.APP.9,955,3550542,6
64,LINK,1,98,7,3.000000059712099,7_(32-36),956.9724145736997,2657237,6
64,LINK,2,102,7,1.000022348056,7_(32-35),957.9724146631299,2793507,5
74,LINK,0,76,8,3.000000057068674,M.USER.APP.8,958.000000825166,3040456,5
64,LINK,17,9,7,4.000000061671448,7_(32-37),958.9724144904105,1747990,5
76,LINK,0,76,9,3.000000066642873,M.USER.APP.9,959.0000000680906,3550542,4
72,LINK,30,93,5,5.000000140466433,M.USER.APP.5,959.0000005233027,3868185,4
64,LINK,9,2,7,5.000000099929306,7_(32-37),962.972414552082,1747990,2
23,LINK,84,30,8,5.00000019674972,8_(43-44),965.9694015102517,3343815,1
23,LINK,84,30,8,5.0000001002247565,8_(43-46),965.9694015102517,1703347,2
23,LINK,84,30,8,5.000000195311202,8_(43-47),965.9694015102517,3319367,3
23,LINK,84,30,8,5.0000001531109355,8_(43-49),965.9694015102517,2602162,4
64,LINK,2,102,7,1.00001398392,7_(32-37),967.9724146520113,1747990,4
78,LINK,74,1,7,5.0000000749423,M.USER.APP.7,968,3719162,5
68,LINK,99,17,4,5.0000000504087705,4_(17-18),970.4331043584964,2596037,5
23,LINK,30,0,8,4.000000450497258,8_(43-44),970.9694017070015,3343815,5
66,LINK,77,65,6,4.000000047820104,6_(28-29),972.197247874242,1754383,6
66,LINK,77,28,6,3.0000000807933205,6_(28-31),972.197247874242,3196115,7
78,LINK,1,17,7,3.0000001640804568,M.USER.APP.7,973.0000000749422,3719162,7
79,LINK,57,2,7,5.0000001519414425,M.USER.APP.7,974,3719162,8
23,LINK,0,1,8,5.000000151288505,8_(43-44),974.9694021574987,3343815,8
66,LINK,28,5,6,4.000000228177802,6_(28-31),975.1972479550353,3196115,8
68,LINK,17,1,4,3.000000114530891,4_(17-18),975.4331044089051,2596037,8
23,LINK,30,0,8,4.000000229484333,8_(43-46),975.9694018072262,1703347,8
78,LINK,17,99,7,5.000000072217146,M.USER.APP.7,976.0000002390227,3719162,8
66,LINK,65,0,6,4.0000000611623205,6_(28-29),976.197247922062,1754383,8
68,LINK,1,63,4,4.000000057410386,4_(17-18),978.433104523436,2596037,8
79,LINK,2,9,7,5.000000212617508,M.USER.APP.7,979.0000001519414,3719162,8
66,LINK,5,2,6,5.000000079414639,6_(28-31),979.1972481832131,3196115,8
23,LINK,0,2,8,3.0000000492794743,8_(43-46),979.9694020367106,1703347,8
23,LINK,1,96,8,5.000000199941198,8_(43-44),979.9694023087873,3343815,8
66,LINK,0,12,6,5.000000113468661,6_(28-29),980.1972479832243,1754383,8
23,LINK,30,0,8,4.0000004472034885,8_(43-47),980.9694020025374,3319367,8
23,LINK,2,102,8,1.000013626776,8_(43-46),982.96940208599,1703347,6
69,LINK,99,17,7,5.000000033589879,7_(32-33),983.944828110142,1729869,7
69,LINK,99,78,7,5.000000045593742,7_(32-34),983.944828110142,2729422,8
69,LINK,99,17,7,5.000000054243161,7_(32-35),983.944828110142,2793507,9
69,LINK,99,17,7,5.000000051597127,7_(32-36),983.944828110142,2657237,10
69,LINK,99,17,7,5.000000033941745,7_(32-37),983.944828110142,1747990,11
79,LINK,9,17,7,4.000000131217059,M.USER.APP.7,984.0000003645589,3719162,10
66,LINK,2,102,6,1.00002556892,6_(28-31),984.1972482626278,3196115,10
23,LINK,0,92,8,4.000000062241907,8_(43-47),984.9694024497409,3319367,10
66,LINK,12,93,6,4.000000032126237,6_(28-29),985.197248096693,1754383,9
23,LINK,30,0,8,4.000000350577663,8_(43-49),985.9694021556484,2602162,8
79,LINK,17,99,7,5.000000072217146,M.USER.APP.7,988.0000004957759,3719162,8
69,LINK,17,1,7,3.0000000763176478,7_(32-33),988.9448281437319,1729869,8
69,LINK,78,0,7,5.0000000523466825,7_(32-34),988.9448281557358,2729422,8
23,LINK,0,2,8,3.0000000752830607,8_(43-49),989.9694025062261,2602162,6
69,LINK,1,70,7,5.000000175088718,7_(32-33),991.9448282200495,1729869,6
23,LINK,2,102,8,1.000020817296,8_(43-49),992.9694025815091,2602162,6
69,LINK,17,9,7,4.000000098558701,7_(32-35),993.9448281979751,2793507,5
69,LINK,0,97,7,4.000000060697074,7_(32-34),993.9448282080824,2729422,5
26,LINK,70,1,7,5.000000165534829,7_(33-38),994.774642801596,1635477,5
26,LINK,70,1,7,5.000000248652196,7_(33-39),994.774642801596,2456673,6
69,LINK,9,2,7,5.00000015969955,7_(32-35),997.9448282965338,2793507,4
69,LINK,17,1,7,3.000000117230887,7_(32-36),998.9448282495722,2657237,4
26,LINK,1,96,7,5.000000097792261,7_(33-38),999.7746429671308,1635477,4
